{"cameraMode":{"drawMode":0,"name":"Shaded","section":"Shading Mode"},"sceneLighting":true,"audioPlay":false,"sceneViewState":{"showFog":true,"showMaterialUpdate":false,"showSkybox":true,"showFlares":true,"showImageEffects":true,"showParticleSystems":true},"in2DMode":false,"pivot":{"x":36.26556396484375,"y":2.551734447479248,"z":-38.220882415771487},"rotation":{"x":-0.028751563280820848,"y":-0.870288610458374,"z":0.051264792680740359,"w":-0.48909705877304079},"size":33.42626190185547,"orthographic":false}