{"cameraMode":{"drawMode":0,"name":"Shaded","section":"Shading Mode"},"sceneLighting":true,"audioPlay":false,"sceneViewState":{"showFog":true,"showMaterialUpdate":false,"showSkybox":true,"showFlares":true,"showImageEffects":true,"showParticleSystems":true},"in2DMode":false,"pivot":{"x":-6.787578582763672,"y":0.8673799633979797,"z":-6.078786373138428},"rotation":{"x":-0.0103683453053236,"y":0.9896337389945984,"z":-0.10129394382238388,"w":-0.10129419714212418},"size":4.2232489585876469,"orthographic":false}