{"cameraMode":{"drawMode":0,"name":"Shaded","section":"Shading Mode"},"sceneLighting":true,"audioPlay":false,"sceneViewState":{"showFog":true,"showMaterialUpdate":false,"showSkybox":true,"showFlares":true,"showImageEffects":true,"showParticleSystems":true},"in2DMode":false,"pivot":{"x":-16.47582244873047,"y":-14.68741226196289,"z":-20.593488693237306},"rotation":{"x":-0.1618567556142807,"y":0.7524529695510864,"z":-0.20097468793392182,"w":-0.6059942245483398},"size":24.666879653930665,"orthographic":false}