{"cameraMode":{"drawMode":0,"name":"Shaded","section":"Shading Mode"},"sceneLighting":false,"audioPlay":false,"sceneViewState":{"showFog":true,"showMaterialUpdate":false,"showSkybox":true,"showFlares":true,"showImageEffects":true,"showParticleSystems":true},"in2DMode":false,"pivot":{"x":-18.999996185302736,"y":3.438265323638916,"z":-19.639999389648439},"rotation":{"x":0.09832589328289032,"y":-0.9008562564849854,"z":0.31886664032936098,"w":0.27776965498924258},"size":49.18474578857422,"orthographic":true}