{"cameraMode":{"drawMode":0,"name":"Shaded","section":"Shading Mode"},"sceneLighting":false,"audioPlay":false,"sceneViewState":{"showFog":true,"showMaterialUpdate":false,"showSkybox":true,"showFlares":true,"showImageEffects":true,"showParticleSystems":true},"in2DMode":false,"pivot":{"x":-7.069151401519775,"y":4.732968330383301,"z":-28.034679412841798},"rotation":{"x":0.03568192571401596,"y":0.9617280960083008,"z":-0.22467510402202607,"w":0.15273702144622804},"size":1.0096080303192139,"orthographic":false}