{"cameraMode":{"drawMode":0,"name":"Shaded","section":"Shading Mode"},"sceneLighting":true,"audioPlay":false,"sceneViewState":{"showFog":true,"showMaterialUpdate":false,"showSkybox":true,"showFlares":true,"showImageEffects":true,"showParticleSystems":true},"in2DMode":false,"pivot":{"x":-9.749238014221192,"y":-0.19608701765537263,"z":-8.96726131439209},"rotation":{"x":-0.010600961744785309,"y":0.9890181422233582,"z":-0.08925247937440872,"w":-0.11745259165763855},"size":7.3486433029174809,"orthographic":false}