{"cameraMode":{"drawMode":0,"name":"Shaded","section":"Shading Mode"},"sceneLighting":false,"audioPlay":false,"sceneViewState":{"showFog":true,"showMaterialUpdate":false,"showSkybox":true,"showFlares":true,"showImageEffects":true,"showParticleSystems":true},"in2DMode":false,"pivot":{"x":-18.14322280883789,"y":1.834279179573059,"z":-3.410644054412842},"rotation":{"x":0.005161663051694632,"y":0.7254995107650757,"z":-0.005440627224743366,"w":0.6881852746009827},"size":1.7286505699157715,"orthographic":false}