{"cameraMode":{"drawMode":0,"name":"Shaded","section":"Shading Mode"},"sceneLighting":true,"audioPlay":false,"sceneViewState":{"showFog":true,"showMaterialUpdate":false,"showSkybox":true,"showFlares":true,"showImageEffects":true,"showParticleSystems":true},"in2DMode":false,"pivot":{"x":14.87524700164795,"y":1.1532390117645264,"z":-14.54549789428711},"rotation":{"x":0.07321547716856003,"y":-0.711601972579956,"z":0.07499384880065918,"w":0.694725751876831},"size":1.2818324565887452,"orthographic":true}