{"cameraMode":{"drawMode":0,"name":"Shaded","section":"Shading Mode"},"sceneLighting":true,"audioPlay":false,"sceneViewState":{"showFog":true,"showMaterialUpdate":false,"showSkybox":true,"showFlares":true,"showImageEffects":true,"showParticleSystems":true},"in2DMode":false,"pivot":{"x":6.264244079589844,"y":-6.167715072631836,"z":1.0587162971496583},"rotation":{"x":0.04904942959547043,"y":-0.13145557045936585,"z":0.006512409541755915,"w":0.9900869727134705},"size":4.280378818511963,"orthographic":false}