{"cameraMode":{"drawMode":0,"name":"Shaded","section":"Shading Mode"},"sceneLighting":false,"audioPlay":false,"sceneViewState":{"showFog":true,"showMaterialUpdate":false,"showSkybox":false,"showFlares":true,"showImageEffects":true,"showParticleSystems":true},"in2DMode":false,"pivot":{"x":0.6776081323623657,"y":0.9592081308364868,"z":-6.186565399169922},"rotation":{"x":0.17459797859191895,"y":-0.0053153433836996559,"z":0.0009425283642485738,"w":0.9846253395080566},"size":0.34154006838798525,"orthographic":true}