{"cameraMode":{"drawMode":0,"name":"Shaded","section":"Shading Mode"},"sceneLighting":true,"audioPlay":false,"sceneViewState":{"showFog":true,"showMaterialUpdate":false,"showSkybox":true,"showFlares":true,"showImageEffects":true,"showParticleSystems":true},"in2DMode":false,"pivot":{"x":17.514678955078126,"y":0.5136814117431641,"z":13.042936325073243},"rotation":{"x":0.7067835927009583,"y":0.000003748346671272884,"z":-4.5131247361496209e-7,"w":0.7074297666549683},"size":14.174745559692383,"orthographic":true}