{"cameraMode":{"drawMode":0,"name":"Shaded","section":"Shading Mode"},"sceneLighting":true,"audioPlay":false,"sceneViewState":{"showFog":true,"showMaterialUpdate":false,"showSkybox":true,"showFlares":true,"showImageEffects":true,"showParticleSystems":true},"in2DMode":false,"pivot":{"x":-8.461560249328614,"y":1.6099581718444825,"z":-3.615382194519043},"rotation":{"x":-0.00007965842087287456,"y":0.9998992681503296,"z":-0.013499712571501732,"w":-0.005999062210321426},"size":2.622407913208008,"orthographic":false}