{"cameraMode":{"drawMode":0,"name":"Shaded","section":"Shading Mode"},"sceneLighting":true,"audioPlay":false,"sceneViewState":{"showFog":true,"showMaterialUpdate":false,"showSkybox":true,"showFlares":true,"showImageEffects":true,"showParticleSystems":true},"in2DMode":false,"pivot":{"x":5.034683704376221,"y":7.612577438354492,"z":-25.14483642578125},"rotation":{"x":0.20858272910118104,"y":0.5263772010803223,"z":-0.13502395153045655,"w":0.8131450414657593},"size":2.491515874862671,"orthographic":true}