{"cameraMode":{"drawMode":0,"name":"Shaded","section":"Shading Mode"},"sceneLighting":false,"audioPlay":false,"sceneViewState":{"showFog":true,"showMaterialUpdate":false,"showSkybox":true,"showFlares":true,"showImageEffects":true,"showParticleSystems":true},"in2DMode":false,"pivot":{"x":-7.665193557739258,"y":6.207325458526611,"z":-19.138504028320314},"rotation":{"x":-0.00872900802642107,"y":-0.7629150152206421,"z":-0.010299337096512318,"w":0.6463916301727295},"size":0.45367974042892458,"orthographic":false}