{"cameraMode":{"drawMode":0,"name":"Shaded","section":"Shading Mode"},"sceneLighting":true,"audioPlay":false,"sceneViewState":{"showFog":true,"showMaterialUpdate":false,"showSkybox":true,"showFlares":true,"showImageEffects":true,"showParticleSystems":true},"in2DMode":false,"pivot":{"x":-10.77271556854248,"y":-1.653924584388733,"z":-0.44317319989204409},"rotation":{"x":-0.1489221304655075,"y":0.6900585889816284,"z":-0.14838694036006928,"w":-0.6925485730171204},"size":10.0,"orthographic":false}