{"cameraMode":{"drawMode":0,"name":"Shaded","section":"Shading Mode"},"sceneLighting":true,"audioPlay":false,"sceneViewState":{"showFog":true,"showMaterialUpdate":false,"showSkybox":true,"showFlares":true,"showImageEffects":true,"showParticleSystems":true},"in2DMode":false,"pivot":{"x":1074.762451171875,"y":361.39373779296877,"z":-81.5},"rotation":{"x":-0.02698574587702751,"y":-0.02848578803241253,"z":-0.0007693023653700948,"w":0.9992298483848572},"size":883.7354125976563,"orthographic":true}