{"cameraMode":{"drawMode":0,"name":"Shaded","section":"Shading Mode"},"sceneLighting":true,"audioPlay":false,"sceneViewState":{"showFog":true,"showMaterialUpdate":false,"showSkybox":true,"showFlares":true,"showImageEffects":true,"showParticleSystems":true},"in2DMode":false,"pivot":{"x":-8.170448303222657,"y":4.024855613708496,"z":-15.05416488647461},"rotation":{"x":0.2417002171278,"y":-0.4035864472389221,"z":0.11143434047698975,"w":0.8753750920295715},"size":16.44794273376465,"orthographic":true}