{"cameraMode":{"drawMode":0,"name":"Shaded","section":"Shading Mode"},"sceneLighting":false,"audioPlay":false,"sceneViewState":{"showFog":true,"showMaterialUpdate":false,"showSkybox":true,"showFlares":true,"showImageEffects":true,"showParticleSystems":true},"in2DMode":false,"pivot":{"x":8.398396492004395,"y":2.014780282974243,"z":-20.73880386352539},"rotation":{"x":0.012990218587219715,"y":0.9009538292884827,"z":-0.027036726474761964,"w":0.4328770935535431},"size":4.034017086029053,"orthographic":false}