{"cameraMode":{"drawMode":0,"name":"Shaded","section":"Shading Mode"},"sceneLighting":true,"audioPlay":false,"sceneViewState":{"showFog":true,"showMaterialUpdate":false,"showSkybox":true,"showFlares":true,"showImageEffects":true,"showParticleSystems":true},"in2DMode":false,"pivot":{"x":6.620118618011475,"y":0.5244197845458984,"z":-21.05154037475586},"rotation":{"x":0.11796434223651886,"y":0.8662077188491821,"z":-0.24309131503105164,"w":0.42034777998924258},"size":5.220203399658203,"orthographic":true}