{"cameraMode":{"drawMode":0,"name":"Shaded","section":"Shading Mode"},"sceneLighting":true,"audioPlay":false,"sceneViewState":{"showFog":true,"showMaterialUpdate":false,"showSkybox":true,"showFlares":true,"showImageEffects":true,"showParticleSystems":true},"in2DMode":false,"pivot":{"x":8.432936668395996,"y":1.476887822151184,"z":-16.36587142944336},"rotation":{"x":0.058250270783901218,"y":-0.7171843647956848,"z":0.06038518249988556,"w":0.6918182969093323},"size":1.857275128364563,"orthographic":true}