{"cameraMode":{"drawMode":0,"name":"Shaded","section":"Shading Mode"},"sceneLighting":false,"audioPlay":false,"sceneViewState":{"showFog":true,"showMaterialUpdate":false,"showSkybox":false,"showFlares":true,"showImageEffects":true,"showParticleSystems":true},"in2DMode":false,"pivot":{"x":-0.75,"y":0.4563499689102173,"z":0.35634997487068179},"rotation":{"x":0.04684407636523247,"y":-0.9441389441490173,"z":0.1537194550037384,"w":0.28771334886550906},"size":0.9474917650222778,"orthographic":true}