{"cameraMode":{"drawMode":0,"name":"Shaded","section":"Shading Mode"},"sceneLighting":false,"audioPlay":false,"sceneViewState":{"showFog":true,"showMaterialUpdate":false,"showSkybox":true,"showFlares":true,"showImageEffects":true,"showParticleSystems":true},"in2DMode":false,"pivot":{"x":15.108778953552246,"y":1.6286942958831788,"z":-15.64461898803711},"rotation":{"x":0.14052551984786988,"y":-0.01039560791105032,"z":0.0014755725860595704,"w":0.9900214076042175},"size":1.4573216438293458,"orthographic":false}