{"cameraMode":{"drawMode":0,"name":"Shaded","section":"Shading Mode"},"sceneLighting":false,"audioPlay":false,"sceneViewState":{"showFog":true,"showMaterialUpdate":false,"showSkybox":true,"showFlares":true,"showImageEffects":true,"showParticleSystems":true},"in2DMode":false,"pivot":{"x":-1.6239681243896485,"y":-1.355363368988037,"z":16.31596565246582},"rotation":{"x":0.028423568233847619,"y":-0.07130846381187439,"z":0.0020329009275883438,"w":0.9970481395721436},"size":13.283570289611817,"orthographic":false}