{"cameraMode":{"drawMode":0,"name":"Shaded","section":"Shading Mode"},"sceneLighting":false,"audioPlay":false,"sceneViewState":{"showFog":true,"showMaterialUpdate":false,"showSkybox":false,"showFlares":true,"showImageEffects":true,"showParticleSystems":true},"in2DMode":false,"pivot":{"x":1.3223876953125,"y":0.9222110509872437,"z":-6.289544105529785},"rotation":{"x":0.013663060963153839,"y":-0.7133064270019531,"z":0.013911244459450245,"w":0.7005810737609863},"size":0.5245265364646912,"orthographic":true}