{"cameraMode":{"drawMode":0,"name":"Shaded","section":"Shading Mode"},"sceneLighting":true,"audioPlay":false,"sceneViewState":{"showFog":true,"showMaterialUpdate":false,"showSkybox":true,"showFlares":true,"showImageEffects":true,"showParticleSystems":true},"in2DMode":false,"pivot":{"x":9.687325477600098,"y":3.1169471740722658,"z":-14.636452674865723},"rotation":{"x":0.05646146461367607,"y":0.9419367909431458,"z":-0.2606886625289917,"w":0.20401588082313538},"size":1.8163504600524903,"orthographic":false}