{"cameraMode":{"drawMode":0,"name":"Shaded","section":"Shading Mode"},"sceneLighting":true,"audioPlay":false,"sceneViewState":{"showFog":true,"showMaterialUpdate":false,"showSkybox":true,"showFlares":true,"showImageEffects":true,"showParticleSystems":true},"in2DMode":false,"pivot":{"x":10.238832473754883,"y":0.8402149677276611,"z":-19.940532684326173},"rotation":{"x":-0.05697159841656685,"y":-0.9380800127983093,"z":0.18674154579639436,"w":-0.28617945313453677},"size":1.9060769081115723,"orthographic":false}