{"cameraMode":{"drawMode":0,"name":"Shaded","section":"Shading Mode"},"sceneLighting":false,"audioPlay":false,"sceneViewState":{"showFog":true,"showMaterialUpdate":false,"showSkybox":true,"showFlares":true,"showImageEffects":true,"showParticleSystems":true},"in2DMode":false,"pivot":{"x":8.945234298706055,"y":0.37653258442878725,"z":-23.99482536315918},"rotation":{"x":0.0018709036521613598,"y":-0.9863556623458862,"z":0.16424165666103364,"w":0.011243080720305443},"size":1.9689090251922608,"orthographic":false}