{"cameraMode":{"drawMode":0,"name":"Shaded","section":"Shading Mode"},"sceneLighting":true,"audioPlay":false,"sceneViewState":{"showFog":true,"showMaterialUpdate":false,"showSkybox":true,"showFlares":true,"showImageEffects":true,"showParticleSystems":true},"in2DMode":false,"pivot":{"x":133.6999969482422,"y":2.299999952316284,"z":117.15769958496094},"rotation":{"x":0.03073718212544918,"y":0.9661079049110413,"z":-0.13713105022907258,"w":0.21654777228832246},"size":3.154860496520996,"orthographic":false}