{"cameraMode":{"drawMode":0,"name":"Shaded","section":"Shading Mode"},"sceneLighting":true,"audioPlay":false,"sceneViewState":{"showFog":true,"showMaterialUpdate":false,"showSkybox":true,"showFlares":true,"showImageEffects":true,"showParticleSystems":true},"in2DMode":false,"pivot":{"x":-5.7474164962768559,"y":0.7924027442932129,"z":-6.360165596008301},"rotation":{"x":-0.033511120826005939,"y":0.9662062525749207,"z":-0.16834408044815064,"w":-0.1923416405916214},"size":1.3904573917388917,"orthographic":false}