{"cameraMode":{"drawMode":0,"name":"Shaded","section":"Shading Mode"},"sceneLighting":false,"audioPlay":false,"sceneViewState":{"showFog":true,"showMaterialUpdate":false,"showSkybox":false,"showFlares":true,"showImageEffects":true,"showParticleSystems":true},"in2DMode":false,"pivot":{"x":-0.00013685226440429688,"y":0.7022915482521057,"z":-0.004745557904243469},"rotation":{"x":0.033485714346170428,"y":0.9531788229942322,"z":-0.11493369936943054,"w":0.2777061462402344},"size":1.0947539806365967,"orthographic":false}