{"cameraMode":{"drawMode":0,"name":"Shaded","section":"Shading Mode"},"sceneLighting":false,"audioPlay":false,"sceneViewState":{"showFog":true,"showMaterialUpdate":false,"showSkybox":false,"showFlares":true,"showImageEffects":true,"showParticleSystems":true},"in2DMode":false,"pivot":{"x":1.3831720352172852,"y":2.1651406288146974,"z":-4.176536560058594},"rotation":{"x":0.04190339148044586,"y":-0.957665205001831,"z":0.18616484105587007,"w":0.21555867791175843},"size":0.7417090535163879,"orthographic":true}