{"cameraMode":{"drawMode":0,"name":"Shaded","section":"Shading Mode"},"sceneLighting":true,"audioPlay":false,"sceneViewState":{"showFog":true,"showMaterialUpdate":false,"showSkybox":true,"showFlares":true,"showImageEffects":true,"showParticleSystems":true},"in2DMode":false,"pivot":{"x":4.98256778717041,"y":1.2871873378753663,"z":-36.499427795410159},"rotation":{"x":-0.5649812817573547,"y":-0.01955590769648552,"z":0.013397902250289917,"w":-0.8247693777084351},"size":46.31004333496094,"orthographic":false}