{"cameraMode":{"drawMode":0,"name":"Shaded","section":"Shading Mode"},"sceneLighting":false,"audioPlay":false,"sceneViewState":{"showFog":true,"showMaterialUpdate":false,"showSkybox":true,"showFlares":true,"showImageEffects":true,"showParticleSystems":true},"in2DMode":false,"pivot":{"x":13.104572296142579,"y":2.1545283794403078,"z":-15.992891311645508},"rotation":{"x":0.1252678632736206,"y":-0.17025239765644074,"z":0.02182566374540329,"w":0.9771632552146912},"size":0.8573217391967773,"orthographic":false}