{"cameraMode":{"drawMode":0,"name":"Shaded","section":"Shading Mode"},"sceneLighting":true,"audioPlay":false,"sceneViewState":{"showFog":true,"showMaterialUpdate":false,"showSkybox":true,"showFlares":true,"showImageEffects":true,"showParticleSystems":true},"in2DMode":false,"pivot":{"x":7.891748428344727,"y":1.8545496463775635,"z":-40.43151092529297},"rotation":{"x":-0.031168831512331964,"y":0.14343157410621644,"z":0.0045195990242064,"w":0.9891592264175415},"size":2.6001698970794679,"orthographic":true}