{"cameraMode":{"drawMode":0,"name":"Shaded","section":"Shading Mode"},"sceneLighting":true,"audioPlay":false,"sceneViewState":{"showFog":true,"showMaterialUpdate":false,"showSkybox":true,"showFlares":true,"showImageEffects":true,"showParticleSystems":true},"in2DMode":false,"pivot":{"x":3.2158427238464357,"y":1.094929575920105,"z":-9.776845932006836},"rotation":{"x":0.07321547716856003,"y":-0.711601972579956,"z":0.07499384880065918,"w":0.694725751876831},"size":1.9916445016860963,"orthographic":true}