{"cameraMode":{"drawMode":0,"name":"Shaded","section":"Shading Mode"},"sceneLighting":false,"audioPlay":false,"sceneViewState":{"showFog":true,"showMaterialUpdate":false,"showSkybox":false,"showFlares":true,"showImageEffects":true,"showParticleSystems":true},"in2DMode":false,"pivot":{"x":3.725290298461914e-9,"y":0.0,"z":-3.725290298461914e-9},"rotation":{"x":0.11971090734004975,"y":0.005064908415079117,"z":-0.0006098305457271636,"w":0.9927988648414612},"size":0.12247449904680252,"orthographic":true}