{"cameraMode":{"drawMode":0,"name":"Shaded","section":"Shading Mode"},"sceneLighting":true,"audioPlay":false,"sceneViewState":{"showFog":true,"showMaterialUpdate":false,"showSkybox":true,"showFlares":true,"showImageEffects":true,"showParticleSystems":true},"in2DMode":false,"pivot":{"x":-24.718425750732423,"y":-2.3222436904907228,"z":-13.338025093078614},"rotation":{"x":0.04687875881791115,"y":-0.7738730311393738,"z":0.05768488720059395,"w":0.628982663154602},"size":13.403912544250489,"orthographic":false}