{"cameraMode":{"drawMode":0,"name":"Shaded","section":"Shading Mode"},"sceneLighting":true,"audioPlay":false,"sceneViewState":{"showFog":true,"showMaterialUpdate":false,"showSkybox":true,"showFlares":true,"showImageEffects":true,"showParticleSystems":true},"in2DMode":false,"pivot":{"x":-10.820406913757325,"y":1.2215505838394166,"z":-20.585115432739259},"rotation":{"x":0.018085481598973275,"y":-0.7669188380241394,"z":0.021632198244333268,"w":0.6411280632019043},"size":1.5706053972244263,"orthographic":true}