{"cameraMode":{"drawMode":0,"name":"Shaded","section":"Shading Mode"},"sceneLighting":true,"audioPlay":false,"sceneViewState":{"showFog":true,"showMaterialUpdate":false,"showSkybox":true,"showFlares":true,"showImageEffects":true,"showParticleSystems":true},"in2DMode":false,"pivot":{"x":14.930000305175782,"y":1.1399999856948853,"z":-15.795000076293946},"rotation":{"x":0.026924123987555505,"y":-0.7122870087623596,"z":0.027363857254385949,"w":0.7008379697799683},"size":1.0287858247756959,"orthographic":true}