{"cameraMode":{"drawMode":0,"name":"Shaded","section":"Shading Mode"},"sceneLighting":false,"audioPlay":false,"sceneViewState":{"showFog":true,"showMaterialUpdate":false,"showSkybox":true,"showFlares":true,"showImageEffects":true,"showParticleSystems":true},"in2DMode":false,"pivot":{"x":-6.070846080780029,"y":99.60596466064453,"z":-122.39437103271485},"rotation":{"x":0.3799211084842682,"y":0.034675948321819308,"z":-0.014253711327910424,"w":0.9242587089538574},"size":22.22903823852539,"orthographic":true}