{"cameraMode":{"drawMode":0,"name":"Shaded","section":"Shading Mode"},"sceneLighting":false,"audioPlay":false,"sceneViewState":{"showFog":true,"showMaterialUpdate":false,"showSkybox":true,"showFlares":true,"showImageEffects":true,"showParticleSystems":true},"in2DMode":false,"pivot":{"x":137.6999969482422,"y":4.470000267028809,"z":117.14624786376953},"rotation":{"x":-0.3848365843296051,"y":-0.6006371378898621,"z":0.40328875184059145,"w":-0.5731528401374817},"size":119.71145629882813,"orthographic":true}